거울아,81199,null,null,null
거울의 방,75356,null,null,null
겨우, 겨울 (Feat. 메드클라운),81092,null,null,null
교차로 (Crossroads),54970 62771,21482,507327,null
귀를 기울이면 (LOVE WHISPER),96276,90414,430249 506149,null
그런 날엔 (Someday),96246,78652,null,null
그루잠 (FALLING ASLEEP AGAIN),96563,90467,null,null
기억해 (My Buddy),48160,null,null,null
나의 지구를 지켜줘 (Please Save My Earth),49886,90072,null,null
내 이름을 불러줘 (Say My Name),46187,78659,null,null
너 그리고 나 (NAVILLERA),46670,78915,430250 503743,null
놀이(Play),81078,23614,null,null
눈의 시간,75433,22028,null,null
데킬라 (The Killa),81129,null,null,null
두 손을 모아 (AVE MARIA),96325,90437,null,null
따라랏 (DALALA),84758,null,null,null
물꽃놀이 (Water Flower),48164,78991,null,null
물들어요 (Fall in Love),46683,88750,null,null
바람 바람 바람 (Windy Windy),98227,76354,null,null
바람에 날려 (Gone with the wind),46785,78954,null,null
바람의 노래 (Hear The Wind Sing),48794,90007,null,null
밤 (Time For The Moon Night),97759,91637,434045 506614,null
밤밤밤 (Bambambam),84475,null,null,null
봄비 (Rain In The Spring Time),49878,90154,null,null
북쪽 계단,75346,null,null,null
비행운:飛行雲 (Contrail),49736,90077,null,null
사랑별 (Luv Star),46177,78648,null,null
시간을 달려서 (Rough),45993 62388,49076,430251 503450,null
여름비 (SUMMER RAIN),96483,49669,506202,null
여름여름해 (Sunny Summer),98206,49969,506736,null
열대야 (Fever),91639,98678,507169,null
오늘부터 우리는 (Me gustas tu),29568 62359,48892,428125 503296,null
유리구슬 (Glass Bead),39609,48707,430252 503141,null
이분의 일 1/2 (ONE-HALF),96298,90448,null,null
주머니 속 편지 (Full Ver.),48668,76287,null,null
지금 만나러 갑니다 (Eclipse),54978,null,null,null
해야 (Sunrise),99850,79739,436858 507010,null
환상 (Red Sun!),81808,null,null,null
휘리휘리 (Flower Garden),97768,91663,null,null
Apple,75342,21986,507362,null
ARIA,81672,28772,null,null,null
BOP BOP!,81179,23715,507564,null
Beautiful,null,null,438641,null
Better Me,75925,null,null,null
Blue Clue,83049,null,null,null
Bye,98513,91788,null,null
Creme Brulee,75368,null,null,null
Emotional Days,null,null,445719,null
FINGERTIP,48786,76333,506431,null
FLOWER,85124,29922,437785,null
Fallin' Light (天使の梯子),null,null,444794,null
From me,89327,null,null,null
Here We Are,89030,null,null,null
LOL,48590,88755,506588,null
LOVEADE,81917,24223,null,null
La pam pam,null,null,436856,null
Labyrinth,54971,null,null,null
Love Bug,97791,91664,null,null
Love Love Love,81953,null,null,null
Love Oh Love,91858,null,null,null
Love Rain (Feat. 수란),98094,91885,null,null
Love You Like,81183,null,null,null
MAGO,75912,22305,507385,null
MANIAC,85209,null,622543,null
Memoria,null,null,433058,null
Mermaid,46925,78995,null,null
Night Drive,75968,null,null,null
PULL UP,83030,24736,null,null
RAINBOW,97745,90555,null,null
Rum Pum Pum,82526,24546,null,null
Secret Diary,75929,null,null,null
Sweety,98922,89729,null,null
TRUST,46000,59957,430248,null
Tarot Cards,75367,null,null,null
Untie,86310,75158,null,null
Vacation,98217,89716,null,null
Without U,83234,,null,null,null
You are not alone,99853,93810,null,null